41584/npy;41585/npy;41586/npy;41587/npy;41588/npy;41589/npy;41590/npy;41591/npy;41592/npy;41593/npy;41594/npy;41595/npy;41596/npy;41597/npy;41598/npy;41599/npy;41600/npy;41601/npy;41602/npy;41603/npy;41604/npy;41605/npy;41606/npy;41607/npy;41608/npy;41609/npy;41610/npy;41611/npy;41612/npy;41613/npy;41614/npy;41615/npy;41616/npy;41617/npy;41618/npy;41619/npy;41620/npy;41621/npy;41622/npy;41623/npy;41624/npy;41625/npy;41626/npy;41627/npy;41628/npy;41629/npy;41630/npy;41631/npy;41632/npy;41633/npy;41634/npy;41635/npy;41636/npy;41637/npy;41638/npy;41639/npy;41640/npy;41641/npy;41642/npy;41643/npy;41644/npy;41645/npy;41646/npy;41647/npy;41648/npy;41649/npy;41650/npy;41651/npy;41652/npy;41653/npy;41654/npy;Name;epth/test
;;;;;;;;;;;;;;;;;1.17910447761;;;;;;;;;;;;;;;;;;;;;;;;;;;;;;;;;;;;;;;;;;;;;;;;;;;;;;Acidaminococcus fermentans DSM 20731, complete genome;
;;1.09920316057;;;;;;;;;;;;;;;;;;;;;;1.71372522644;;;1.39432176656;;;;;;;;;;;;;;;;;;;;;;;;;;;;;;;;;;;;;;;;;;;;Acidaminococcus intestini RyC-MR95, complete genome;
;;;;;;;;;;;;;;;1.12776304156;;;;;;;1.08232539992;;1.09278350515;;;;;;;1.13869545774;;;;;1.14979757085;;;;;;;;;;;;;1.25454545455;;1.16819699499;;1.181272509;;;;1.14770797963;;;;;;1.202143951;1.20479646576;;;;;;;Adlercreutzia equolifaciens DSM 19450 DNA, complete genome;
1.20698956257;;;;;1.18139534884;;;;;;1.18032786885;;1.09848484848;;1.16522858983;;;;;;;;;;;;;;;;;;;;1.25288239816;;;;;;;;;;;;;;;1.08737049827;;;;;;;1.10967741935;;;;;;;;;;;;;1.06824442544;Akkermansia muciniphila ATCC BAA-835, complete genome;
;1.01957585644;;;;1.14594594595;;;0.827331189711;;1.09456928839;1.17581573896;1.1884097035;;;1.20521945433;;;1.18834717195;;;;;;;1.03749624286;;;;;;;;1.09276819376;;;;0.884142884143;;1.16312056738;;1.29032258065;1.07418762868;;1.07047387606;;1.07390917186;;;;;;;1.058512746;;1.27911275416;;;1.18213435841;;;1.15529411765;1.32359307359;1.20160505837;1.16686012768;;;;;;0.985367281241;Alistipes finegoldii DSM 17242, complete genome;
1.18857493857;1.10170280078;1.08231018564;;;;1.14002047083;1.085490871;;1.10537114384;1.23382352941;1.10057932915;1.07589448942;;1.14695945946;;;1.10815862592;1.13337053571;;;1.0952240566;;;1.09037328094;;1.12184940139;1.0979418027;1.13674071711;1.12298743118;1.11280349872;;1.22423678909;;1.20338266385;1.12649164678;1.18716747399;1.1703505561;;1.15312886193;;1.2487483531;;;1.1819047619;;1.12668316624;;1.12871287129;1.19456940874;;1.09253940902;;1.12487313608;1.22603550296;;1.09285714286;;;1.20424948595;;1.285283777;1.09736719115;1.08857835778;;1.14181335105;1.19655172414;;;;;Alistipes shahii WAL 8301 draft genome;1.11201006832
;;;;;;;;;;;;;;;;;;;;;;;;;;;;;;;;;;;;;;;;;;;;;;;;;;;;1.37849482079;;;;;;;;;;;;;;;;;1.35593784684;;Bacteroides fragilis YCH46 DNA, complete genome;
1.22676906618;1.1123853211;1.16921837228;1.12455390962;1.15983968744;1.18371825114;1.26149387082;1.01354437357;1.24058583723;1.10023497403;1.20458956502;1.23626729565;1.15717299578;1.46530662106;1.39824273162;1.18654376724;1.1103116076;;;1.3014520202;;1.28148200083;1.11135950817;1.21293590178;1.13228923692;1.16863030892;1.34878799538;1.21541710665;1.22627808373;;1.18756835581;1.2158134074;1.29451026856;1.4097453814;1.33287966428;1.40347344576;1.29218158107;1.25716123585;0.84071213263;1.31663429097;1.10142200455;1.70720239367;1.07000297885;1.06200546218;1.27017035158;1.71410090556;1.28227486523;1.39391086001;1.24935444765;1.14320227187;1.23848238482;1.09910599424;1.09371273502;1.07331213765;1.00068640973;1.55704264353;1.1232419793;1.14880884256;1.24412542861;1.04311392567;1.29480502068;1.39403891436;1.2756484224;1.15038386271;1.16433175763;1.49752839011;1.29158928098;1.35074137697;1.74112688554;1.35017459891;1.09098101266;Bacteroides thetaiotaomicron VPI-5482 chromosome, complete genome;1.12193032553
1.25523343191;1.24926004745;1.16319208374;1.19549651482;1.23053403359;1.23404296348;1.21324057285;1.17279825633;1.32426302741;1.11522038324;1.27875233681;1.27020951674;1.2398145296;1.6843710387;1.26367800665;1.20058238649;1.2112949762;1.25173526566;1.08437068944;1.44399913724;1.39024214434;1.26430732448;1.2873024263;1.50899742931;1.21554559043;1.18896734091;1.29520347814;1.23046364824;1.19522421534;1.28069239085;1.25170322375;1.17287572337;1.40633988685;1.36799972171;1.3073458589;1.44846493399;1.32101835538;1.14098090418;1.43525801798;1.29270746506;1.2144912336;1.44545947394;1.34259999501;1.21903868179;1.3285683406;1.52496754378;1.26050042547;1.23073446328;1.32465761607;1.23063958667;1.28674409291;1.1110370518;;1.272847533;1.05175298755;1.55293765707;1.24825833344;1.27892680064;1.18550648781;1.24883466527;1.31198419424;1.26650114435;1.28425980809;1.16547200816;1.31722177259;1.44353857316;1.39963060531;1.33195637685;1.92369775237;1.296783896;;Bacteroides vulgatus ATCC 8482, complete genome;1.24218915796
1.02688337698;1.06454545455;1.09696435458;;1.01651268892;1.03809995052;1.29356747025;1.18855331548;1.33681146348;0.893641761504;1.14714407938;1.42919217229;0.936173745558;;1.14057590496;1.07726830728;1.1616989704;1.15442894447;0.740681762503;1.14848066298;;1.03679024976;1.13044488866;1.12208706786;;0.918467118751;1.15652166384;1.04948837209;1.11217183771;1.04426995194;1.08804619598;1.037203959;1.41742625828;1.32346571547;1.15094848512;1.25096153846;1.13991667493;1.14688202733;1.46995270625;1.54731018695;1.108116226;1.29331337325;;1.22518857041;;1.58637592968;1.15555763882;;1.14372960286;1.31750909187;1.33456904541;;;1.48261069725;1.15946866927;1.23192546181;1.35613200212;1.36444510816;1.16529292788;1.08324973159;1.04442568993;1.19532071504;1.16804692179;1.1917372435;1.22843588269;1.26270081542;1.30841995842;1.56407465635;1.46435742972;1.20488677094;1.28881008668;Bacteroides xylanisolvens XB1A draft genome;1.14811831893
;;;;;;;;;1.31045145331;;;;;;;;1.14126519045;1.1974860247;;;;;;1.17362403616;;;;;;;1.16061522945;;;;;;;;;;;;;;;;;;1.09690721649;;1.04952830189;;1.07738814994;;;;;;;;;;;;;;;;;1.27188606373;Bifidobacterium adolescentis ATCC 15703 DNA, complete genome;
;;;;;;;;;;;;;;;;;;;;1.35677607733;;1.20720598846;;;;;;;;;;;;;;;;;;;;;;;;;;;;;;;;;;;;;;;;;;;;;;;;;Bifidobacterium breve ACS-071-V-Sch8b, complete genome;
;;;;;;;;;;;;;;;;;;;;1.25578745663;;1.19542879093;;;;;;;;;;;;;;;;;;;;;;;;;;;;;;;;;;;;;;;;;;;;;;;;;Bifidobacterium breve UCC2003, complete genome;
;;1.25952813067;;;;;;;;;;;;;;;;;;;;;;;;;;;;;;;;;;;;;;;;;;;;;;;;;;;;;;;;;;;;;;;;;;;;;Bifidobacterium dentium Bd1, complete genome;
1.15406540654;1.46312684366;1.19008264463;1.1074204947;;1.25539733578;1.1742444868;;1.23216939079;1.0991746719;1.36791596421;1.25677267373;1.18001885014;;1.28458498024;1.07471264368;1.23626373626;;;1.37304075235;1.25754397289;1.20172567688;1.08131270903;;1.17342342342;1.26116838488;1.17209550013;1.24090909091;1.17571625172;1.23543495611;1.31116687578;1.1768707483;1.14031023368;;1.18702081051;1.44608879493;1.1517384106;1.26481168007;1.02714493456;1.47352145342;;1.33330207259;;1.33257845357;1.23880432385;1.20551458801;1.22371740959;1.21623296159;1.32656949605;1.18024969877;1.30322580645;1.30868167203;1.09297381965;;1.29390787519;1.3413673598;;1.71895734597;1.36111649544;1.29478672986;;1.34300421151;;1.2523162446;1.37075935651;1.32535094963;1.31783681214;1.03709637663;1.42317518248;1.11071711846;;Butyrate-producing bacterium SS3/4, complete genome;1.31016042781
1.07420924574;1.01131948161;1.19466666667;;;;1.16666666667;;1.03020802094;;1.06652267819;;1.03677845655;;;;;1.0548098434;;1.05008576329;;1.05903411735;1.02022556391;;;;1.05952615992;;1.0518913676;1.04481132075;1.06742871821;;1.11265349706;1.06115973742;;1.0908438061;1.17118182894;1.17841409692;1.13127753304;1.20956937799;;1.16666666667;;1.19096009315;1.15931014323;;1.06727037516;;1.18276991016;1.10604929052;;1.06787330317;;1.15609714237;;1.25595172792;1.12654256432;1.09841269841;1.1873365604;1.1175525075;;1.15296792119;0.998095238095;1.11953862286;1.15674603175;1.21051026189;1.19135758525;1.21341008863;1.09570888699;1.15428726545;1.16125093277;Butyrate-producing bacterium SSC/2, complete genome;1.03379390336
;;;;;;;;;;;;;;;;;;;;;;;;;;;;;;;;;;;;;;;;;;;;;;;;;;;;;;;;;;;;;;;;;1.09940652819;;;1.09341998375;;;Campylobacter concisus 13826, complete genome;
;;;;;;;;;;;;;;;;;;;;;;;;;1.23480662983;;;;;;;;;;;;;;;;;;;;;;;;;;;1.15302066773;;;;;;;;;;;;;;;;;;;Citrobacter koseri ATCC BAA-895, complete genome;
;;;;;;;;;;;;;;;;;;;;;;;;;;;;;;;;;;;;;;;;;1.41055718475;;;;;;;;1.37479038569;;;1.20297223309;;;;;;;;;;;;;;;;;;;Clostridium cf. saccharolyticum K10, complete genome;
;1.114;1.12799401198;;;1.15586419753;;;1.02914798206;;1.0995215311;1.07846410684;1.1567516525;;;1.10268082954;;;;;;;1.1103030303;;;1.05882352941;1.19568822554;;;;1.02771141902;1.15166666667;;;1.1981981982;1.0347826087;1.07985480944;;;1.0162601626;;1.29230769231;;;;;1.00537634409;;;;;1.19322709163;;1.01798561151;;;;1.08952380952;;1.05192178018;;;;1.03599648815;1.07841031149;1.15839860748;;;;;;Coprococcus catus GD/7 draft genome;1.10909090909
;1.27763191763;;;;;1.35086774913;;;;;;;;;;;;;;;;;;;1.13315217391;;;;;;;;;;;;1.08975609756;;;;;;;;;;;;;;1.17161016949;;;;;;1.23884810841;;;;;;;1.21538743658;;;;;;;Coprococcus sp. ART55/1 draft genome;1.17635594429
;;;;;;;;;;;1.32142857143;;;;;;;1.09161415414;;;;;;;;;;;;;;;;;;;;;;;;;;;;;;;;;1.57123098202;1.32017229002;;;;1.36518046709;;;;;;;;;;;;;;1.35444789521;Eggerthella lenta DSM 2243, complete genome;
;;;;;;;;;;;;;;;;;;;;;;;;;;;;;;;;;;;;;;;;;;;;;;;;;1.88367729831;;;;;;;;;;;;;;;;;;;;;;Enterobacter cloacae EcWSU1, complete genome;
;;;;;;;;;;;;;;;1.70447761194;;;;;;;;;;;;;;;;2.33066666667;;;;;;;;;;;;;;;;;;;;;;;;;;;;;;;;;;;;;;;;Enterobacter cloacae subsp. cloacae ATCC 13047 chromosome, complete genome;
;;;;;;;;;;;;;;;1.32913165266;;;;;;;;;;;;;1.55893909627;;;1.7200236267;;;;;;;;;;;;;;;;;;1.3896882494;;;;;;;;;;;;;;;;;1.33890214797;;;;;Enterobacter cloacae subsp. cloacae ENHKU01, complete genome;
;;;;;;;;;;;;1.29362880886;;;1.19292851653;;;;;;;;1.10358073131;;;;;1.26004548901;;;;;;;;;;;;;;;;;;;;;1.33208489388;;;;;;;;;;;;;;;;;;;;;;Enterobacter cloacae subsp. cloacae NCTC 9394 draft genome;
;;;;;;;;;;;;;;;;;;;;;;;;;;;;;;;;;;;;;;;;;;;;;;1.25126475548;;;;;;;;;;;;;;;;;;;;;;;;;Enterococcus faecalis D32, complete genome;
;;;;;;;;;;;;;;;;;;;;;;;;;;;;;;;;;;;;;;;;;;;;;;1.24683840749;;;;;;;;;;;;;;;;;;;;;;;;;Enterococcus faecalis OG1RF, complete genome;
;;;;;;;;;;;;;;;;;;;;;;;;;;;;;;;;;;;;;;;;;;;;;;1.10194902549;;;;;;;;;;;;;;;;;;;;;;;;;Enterococcus faecalis V583 chromosome, complete genome;
;;;;;;;;;;;;;;;;;;;;;;;;;;;;;;;;;;;;;;;;;;;;;;1.21057429353;;;;;;;;;;;;;;;;;;;;;;;;;Enterococcus faecalis str. Symbioflor 1, complete genome;
;;;1.2657480315;1.23456790123;;;;;;;;;;1.18139534884;;;;1.12274024738;;1.47562924491;;;;;;;;;;;;;;;;;;;;;1.148;1.13179754126;;;;1.13195732839;;;1.22320768662;;;1.16702082448;;1.23063380282;;;;;;1.22971014493;;;;;;;;;1.16666666667;1.15238667582;Escherichia coli 'BL21-Gold(DE3)pLysS AG', complete genome;
;;;;1.49454778704;;;;;;;;;;1.68413793103;;1.56600955795;;;;;;;;;;;;;;;;;;;;;;;;;;;;;;;;;;;;;;1.14027316353;;;;;;;;;;;;;;;;;Escherichia coli 042 complete genome;
;;;;;;;;;1.5752688172;;;;;;;;;1.80806608358;;1.26127659574;;;;;;;;;;;;;;;;;;;;;;;;;;;;;;;;;;;;;;;;;;;;;;;;;1.194092827;1.16023842917;Escherichia coli 55989 chromosome, complete genome;
;;1.71563088512;;;;;;;;;;;;;;;;;;;;;;;;;;;;;;;;;;;;;;;;;;;;;;;;;;;;;;;;;;;;;;;;;;;;;Escherichia coli ABU 83972, complete genome;
;;;;;;;;;1.27272727273;;;;;;;;;1.84628975265;;1.40827067669;;;;;;;;;;;;;;;;;;;;;;;;;;1.22602739726;;;;;;1.4085778781;;;;;;;;;;;;;;;;;;1.34480312167;Escherichia coli APEC O78, complete genome;
;;;1.13813813814;1.44439140811;;;;;1.05278810409;;;;;1.37037037037;;;;1.0782800441;;;;;;1.06650366748;;;;;;;;;;;;;;;;;1.14078841512;1.21597661039;;;;1.20765286745;;;1.25025853154;;;1.09114414997;;1.33506944444;;;;;;1.25802469136;;;;;;;1.13157894737;;1.19634757699;1.0674444622;Escherichia coli ATCC 8739, complete genome;
;;;;;;;;;;;;;;;;;;1.12240184758;;1.19141104294;;;;;;;;;;;;;;;;;;;;;;1.25777470629;;;;1.37888198758;;;1.4472361809;;;1.51293103448;;;;;;;;;;;;;;;;;1.81317764804;1.50975954738;Escherichia coli B str. REL606, complete genome;
;;;;;;;;;;;;;;;;;;1.02160493827;;1.26997245179;;;;;;;;;;;;;;;;;;;;;;1.42398648649;;;;1.36027190332;;;1.51457975986;;;1.283203125;;;;;;;;;;;;;;;;;1.39551192146;1.34660691421;Escherichia coli BL21(DE3), complete genome;
;;;;;;;;;;;;;;;;;;1.2095709571;;1.02149321267;;;;;;;;;;;;;;;;;;;;;;1.35620915033;;;;1.19599427754;;;1.34303215926;;;1.14552238806;;;;;;;;;;;;;;;;;1.34030045722;1.34472791253;Escherichia coli BL21(DE3), complete genome;
;;;;;;;;;;;;;;;;;;1.15878378378;;1.23617511521;;;;;;;;;;;;;;;;;;;;;;1.31028368794;;;;1.47302158273;;;1.4023715415;;;1.35384615385;;;;;;;;;;;;;;;;;1.44732297064;1.43372852005;Escherichia coli BW2952, complete genome;
;;1.50704225352;;;;;;;;;;;;;;;;;;;;;;;;;;;;;;;;;;;;;;;;;;;;;;;;;;;;;;;;;;;;;;;;;;;;;Escherichia coli CFT073, complete genome;
;;;;;;;;;;;;;;;;;;1.20392491468;;1.42490842491;;;;;;;;;;;;;;;;;;;;;;1.32185886403;;;;1.15993265993;;;1.32281205165;;;1.18149466192;;;;;;;;;;;;;;;;;1.28049671293;1.2863126771;Escherichia coli DH1 (ME8569) DNA, complete genome;
;;;0.899242424242;1.08193041526;;;;;1.19449901768;;;;;0.866729678639;;1.11217183771;;1.53463203463;;1.33076047071;;;;0.900841346154;;;;;;;;;;;;;;;;;1.13470873786;1.23429398288;;;;1.15330932013;;;1.10242747188;;;1.14550853749;;;;;;;;1.2665317139;;1.01206757844;;;;;;;1.17976973684;1.16429054865;Escherichia coli DH1, complete genome;
;;;;;;;;;1.18181818182;;;;;;;;;1.43076923077;;1.25408618128;;;;;;;;;;;;;;;;;;;;;;;;;;;;;;;;1.49078341014;;;;;;;;;;;;;;;;;1.49081632653;1.64158806756;Escherichia coli E24377A, complete genome;
;;;;;;;;;;;;;;;;;;1.26358024691;;1.17554858934;;;;;;;;;;;;;;;;;;;;;1.54913294798;1.48559670782;;;;1.53120665742;;;1.6134347275;;;1.63663220089;;;;;;;;;;;;;;;;;1.6452045607;1.61058333333;Escherichia coli ETEC H10407, complete genome;
;;;;;;;;;;;;;;;;;;0.980563654033;;1.0485395189;;;;;;;;;;;;;;;;;;;;;1.37301587302;1.49734042553;;;;1.37087378641;;;1.37127659574;;;1.27089337176;;;;;;;;;;;;;;;;;1.3942609115;1.31283298587;Escherichia coli HS, complete genome;
;;;;;;;;;1.23649459784;;;;;;;;;1.44992997199;;1.60225442834;;;;;;;;;;;;;;;;;;;;;;1.35521885522;;;;1.24232081911;;;;;;1.30605381166;;;;;;;;;;;;;;;;;1.23215821152;1.24375866852;Escherichia coli IAI1 chromosome, complete genome;
;;;;0.939024390244;;;;;;;;;1.14627659574;1.15019762846;;;;;;;;;;;;;;;;;;;;;;;;;;;;;;;;;;;;;;;;1.34964200477;;;;;;1.04475421864;;;;;;;;;;;Escherichia coli IAI39 chromosome, complete genome;
;;;;1.08060453401;;;;;1.1118127786;;;;;;;;;;;1.16973684211;;;;;;;;;;;;;;;;;;;;;;1.07968919407;;;;1.07024793388;;;1.22;;;1.21288515406;;;;;;;;;;;;;;;;;1.18636363636;1.14591291062;Escherichia coli KO11, complete genome;
;;;;1.53591160221;;;;;;;;;;;;;;1.03186646434;;1.67409470752;;;;;;;;;;;;;;;;;;;;;;1.88813845504;;;;1.89327731092;;;1.16045380875;;;1.02096774194;;;;;;;;;;;;;;;;;1.09814126394;;Escherichia coli KO11FL, complete genome;
;;;;;;;;;1.07540394973;;;;;;;;;1.47803163445;;1.31178707224;;;;;;;;;;;;;;;;;;;;;;;;;;;;;;;;;;;;;;;;;;;;;;;;;1.08778625954;1.11286517873;Escherichia coli LY180, complete genome;
;;;;;;;;;1.88854961832;;;;;;;;;2.02590673575;;1.92091388401;;;;;;;;;;;;;;;;;;;;;;;;;;;;;;;;;;;;;;;;;;;;;;;;;1.60916179337;1.81364051095;Escherichia coli O103:H2 str. 12009 DNA, complete genome;
;;;;;;;;;1.28918918919;;;;;;;;;;;1.12049861496;;;;;;;;;;;;;;;;;;;;;;1.26874310915;;;;1.31474770003;;;;;;;;;;;;;;;;;;;;;;;;1.2943627451;Escherichia coli O104:H4 str. 2009EL-2050, complete genome;
;;;;1.14168714169;;;;;;;;;;;;;;1.91857394366;;1.46655587869;;;;;;;;;;;;;;;;;;;;;;1.30256136606;;;;;;;;;;;;;;;;;;;;;;;;;;;1.32137931034;1.31642351901;Escherichia coli O104:H4 str. 2009EL-2071, complete genome;
;;;;1.18243243243;;;;;1.46751863685;;;;;;;;;;;1.20405774483;;;;;;;;;;;;;;;;;;;;;;1.05856643357;;;;1.16820612543;;;;;;;;;;;;;;;;;;;;;;;1.27509778357;1.25050916497;Escherichia coli O104:H4 str. 2011C-3493 chromosome, complete genome;
;;;;;;;;;1.59403669725;;;;;;;;;1.80952380952;;1.5956284153;;;;;;;;;;;;;;;;;;;;;;;;;;;;;;;;;;;;;;;;;;;;;;;;;1.1641509434;1.30274669379;Escherichia coli O111:H- str. 11128 DNA, complete genome;
;;;;;;;;;2.39298245614;;;;;;;;;2.28435114504;;2.37037037037;;;;;;;;;;;;;;;;;;;;;;;;;;;;;;;;;;;;;;;;;;;;;;;;;1.38927507448;1.18211206897;Escherichia coli O26:H11 str. 11368 DNA, complete genome;
;;;;;;;;;;;;;;;;;;;;;;;;;;;;;;;;;;;;;;;;;;;;;;;;;;;;;;;;;;;;;;;;;;;;;;1.52003023432;Escherichia coli O55:H7 str. CB9615, complete genome;
;;;;;;;;;;;;;;;;;;;;;;;;;;;;;;;;;;;;;;;;;;;;;;;;;;;;;;;;;;;;;;;;;;;;;;1.55564325178;Escherichia coli O55:H7 str. RM12579, complete genome;
;;;;;;;;;;;;;1.55245153934;;;;;;;;;;;;;;;;;;;;;;;;;;;;;;;;;;;;;;;;;;;;;;;1.42419354839;;;;;;;;;;;Escherichia coli O7:K1 str. CE10, complete genome;
;;;;;;;;;;;;;;;;;;1.17493356953;;1.81362007168;;;;;;;;;;;;;;;;;;;;;0.989490278508;2.03168202765;;;;2.31381285805;;;0.986529826812;;;1.33351409978;;;;;;;;;;;;;;;;;;2.15248565966;Escherichia coli P12b, complete genome;
;;;;;;;;;1.39743589744;;;;;;;;;1.72467130704;;1.63513513514;;;;;;;;;;;;;;;;;;;;;;;;;;;;;;;;;;;;;;;;;;;;;;;;;1.16525423729;1.28776142525;Escherichia coli SE11 DNA, complete genome;
;;;;1.2244732577;;;;;;;;;;1.29838709677;;1.53501945525;;;;;;;;;;;;;;;;;;;;;;;;1.37392703863;;;;;;;;;;;;;;1.11572700297;;;;;;1.1249731125;;;;;;;;;;;Escherichia coli SMS-3-5, complete genome;
;;4.85239361702;;;;;;;;;;;;;;;;3.12820512821;;;;;;;;;;;;;;;;;;;;;;;;;;;;;;;;;;;;;;;;;;;;;;;;;;;;;Escherichia coli UM146, complete genome;
;;;;1.54199845877;;;;1.49306518724;;;;;;1.94661921708;;1.45438852742;;;;;;;;;;;;;;;;;;;;;;;;;;;;;;;;;;;;;;1.16998491704;;1.10852713178;;;;;;;;;;;;;;;Escherichia coli UMN026 chromosome, complete genome;
;;;;;;;;;;;;;;;;;;1.14095744681;;1.62214708369;;;;;;;;;;;;;;;;;;;;;1.37245841035;1.23479318735;;;;1.26466916355;;;1.76115107914;;;1.39575137687;;;;;;;;;;;;;;;;;1.52618715084;1.65684304532;Escherichia coli UMNK88, complete genome;
;;;;;;;;;1.19931271478;;;;;;;;;1.53119730185;;1.47124117053;;;;;;;;;;;;;;;;;;;;;;;;;;;;;;;;;;;;;;;;;;;;;;;;;1.2315270936;1.00411985019;Escherichia coli W, complete genome;
;;;;;;;;;1.40625;;;;;;;;;1.73570019724;;1.39024390244;;;;;;;;;;;;;;;;;;;;;;;;;;;;;;;;;;;;;;;;;;;;;;;;;1.23706004141;1.12368972746;Escherichia coli W, complete genome;
;;;;;;;;;;;;;;;;;;;;;;;;;;;;;;;;;;;;;;;;;;;;;;;;;;;;;;;;;;;;;;;;;;;;;;1.6344314559;Escherichia coli Xuzhou21, complete genome;
;;1.64565587734;;;;;;;;;;;;;;;;;;;;;;;;;;;;;;;;;;;;;;;;;;;;;;;;;;;;;;;;;;;;;;;;;;;;;Escherichia coli str. 'clone D i14', complete genome;
;;1.77247706422;;;;;;;;;;;;;;;;;;;;;;;;;;;;;;;;;;;;;;;;;;;;;;;;;;;;;;;;;;;;;;;;;;;;;Escherichia coli str. 'clone D i2', complete genome;
;;;;;;;;;;;;;;;;;;1.17205882353;;1.16182170543;;;;;;;;;;;;;;;;;;;;;;1.23271500843;;;;1.08854961832;;;1.17929292929;;;1.19217687075;;;;;;;;;;;;;;;;;1.28318276581;1.27569293943;Escherichia coli str. K-12 substr. MDS42 DNA, complete genome;
;;;;;;;;;;;;;;;;;;1.2013536379;;1.23648648649;;;;;;;;;;;;;;;;;;;;;;1.36814159292;;;;1.35253054101;;;1.22014388489;;;;;;;;;;;;;;;;;;;;1.48120611318;1.30495253069;Escherichia coli str. K-12 substr. MG1655, complete genome;
;;;;;;;;;;;;;;;;;;1.31460674157;;1.15427927928;;;;;;;;;;;;;;;;;;;;;;1.43418803419;;;;1.49220898258;;;1.49617151608;;;1.34545454545;;;;;;;;;;;;;;;;;1.51598579041;1.42650408683;Escherichia coli str. K12 substr. DH10B, complete genome;
;;;;;;;;;;;;;;;;;;1.81767955801;;1.31689453125;;;;;;;;;;;;;;;;;;;;;;3.14443500425;;;;3.22474377745;;;2.18333333333;;;1.8756432247;;;;;;;;;;;;;;;;;1.80287009063;2.32209829636;Escherichia coli str. K12 substr. W3110 DNA, complete genome;
;;1.10496104961;;;1.08986863057;1.12778988968;;;1.13697575991;;;;;;;;;;1.06952409699;;;;0.9534875;;;;;;;;1.08472421437;;;1.06831788731;1.0791080538;;;0.99941093842;1.03204854847;;1.09707406279;;;0.977379278012;1.02220166512;;;;;;;;;;;;1.06330897244;;;;0.991058122206;;;0.989973315015;1.14823415578;;;1.09341340337;;;Eubacterium eligens ATCC 27750, complete genome;1.26706438783
;;;;;;;;;;;;;;;;;;1.14607279693;;;;;;;;;;;;;;;;;;;;;;0.890804597701;;;;;;;;;;;;;;;;;;;;;;;;;;;;;;1.10510467451;Eubacterium limosum KIST612, complete genome;
;;;;;;1.5010940919;;;;;;;;;;;;;;;;;;;;;;;;;;1.85248573757;;;;;;;;;;;;1.62573810351;;;;;;;;;;;;;;;;;;;;;1.7258664578;;;;;;Eubacterium rectale ATCC 33656, complete genome;
;;;;;;;;;;;;;;;;;;;;;;;;;;;;;;;;;;;;;;;;;;;;1.18547316518;;;;;;;;;;;;;;;;;;;;;1.11007268951;;;;;;Eubacterium rectale DSM 17629 draft genome;
;1.50774907749;;;;;1.26712328767;;;;1.40552881649;;1.23062953995;;;;;;;;;;;;;;;;;;;;;;;;1.08201977024;;;1.2406271302;;;;;;;;;;;;;;1.14043109079;;;;;;1.16019900498;;;;;;;;;;;;Eubacterium siraeum 70/3 draft genome;1.11467200801
1.48032994924;1.13263321665;;;;;;;;;1.1397260274;;1.13396880416;;;1.17223011364;;;;;;;;;;;;;;;;;;;;1.28010704728;1.22182037372;;;1.28509491446;;;;;;;;;;;;1.03764115433;;1.01928489524;;;;;;0.993064312736;;;;;;;;;;;;Eubacterium siraeum V10Sc8a draft genome;1.07466936076
1.21445898938;1.22019071134;1.23813420622;1.07532020646;;1.21930778581;1.1965122464;;;1.12631457298;1.33131789995;1.17147053424;1.10094318437;;1.22738388474;1.2227702425;;1.19854809437;1.03002309469;1.32705935165;;1.17683881064;1.10859811709;;1.09600269481;1.09798087141;1.2130209575;1.16603605609;1.14481946625;1.23987138264;1.28319416407;1.1934906428;1.25265423242;1.26202952912;1.26080287637;1.36582807697;1.1140858266;1.1163407144;1.16852044491;1.26298909557;1.14259553437;1.2327657464;1.14953271028;1.19403328728;1.07065187085;1.15646192598;1.09920579386;1.21992031873;;1.23699081705;1.19818921837;1.16700494736;1.43425248546;1.23040682995;;1.0871622521;1.09621654994;1.09238330025;1.15263441059;1.19230511653;1.19337979094;1.24685372654;;1.27440810642;1.22316865417;1.1058531524;1.06230180936;1.16088092572;1.13741181426;1.15456431535;;Faecalibacterium prausnitzii L2-6, complete genome;1.12785370323
1.21904761905;1.12669611865;1.0860726858;;;1.17512912197;1.12214416435;;;1.10608311229;1.26361031519;1.24715719064;1.06925809361;;1.25454029512;1.11136403432;;1.51886792453;;1.48374352332;;1.09495288293;1.09831371301;;1.07376706604;1.16450916936;;1.00674997875;1.29417322835;1.47416500143;1.15633556018;1.20238415948;1.93719686606;;1.2988578066;1.32583841463;1.07956596429;1.11933064962;;1.13477344886;;1.02433512471;;1.36189672154;1.47399478523;1.18856736975;1.09212568318;1.0430738736;;1.17674858223;1.07002029574;1.14852163087;1.55454676466;1.32204824376;1.35095447871;1.0298351217;;1.3042208533;1.42519685039;1.13609425709;;1.20565302144;1.28733386821;1.04708489302;1.44332210999;1.29473684211;1.17297412871;;1.34390305093;1.24095513748;1.17480409885;Faecalibacterium prausnitzii SL3/3 draft genome;1.07885467354
;;;1.14851093302;;;;;;;;;;;;;;;;;;;;;;;;;;;;;;;;;;;;;;;;;;;;;;;;;;;;;;;;;;;;;;;;;;;;Fusobacterium sp. 4_8, complete genome;
;;;;;;;;;;;;;;;;;;1.25944584383;;;;;;;;;;;;;;;;;;;;;;;;;;;;;;;;;;;;;;;;;;;;;;;;;;;;;Gordonibacter pamelaeae 7-10-1-b draft genome;
;0.985309548793;;1.04659146641;;;;1.052;;;1.04630843163;;;1.11497730711;;;;;;1.069251035;0.998330550918;;;;;;;;1.01005025126;;;;1.0701754386;1.08148499585;1.043659156;1.12167144613;1.12335629305;1.22321962896;1.26959137979;1.23591836735;;1.19810981098;;1.16035634744;;1.16226064836;;;1.14717188358;1.19181585678;;;1.21677559913;1.13452914798;;;;;1.20216118865;;1.13636363636;1.18171455525;1.27690972222;1.27466666667;;1.23594363321;1.18953465149;1.16178571429;1.26613829721;1.18209285188;;Haemophilus parainfluenzae T3T1 complete genome;0.98608137045
;;;;;1.67492825463;;;;;;;;;;1.44434306569;;;;;;;;;1.69393659846;;;;1.73466752744;;;1.69523099851;;;;;;;;;;;;;;;;;;1.59566787004;1.59741100324;;;;;;;;;;1.26060267857;;;;;;1.70430906389;;;;;Klebsiella pneumoniae 342, complete genome;
;;;;;1.85222868217;;;;;;;;;;;;;;;;;;;;;;;;;;1.72843822844;;;;;;;;;;;;;;;;;;;;;;;;;;;;;;;;;;;;;1.72343162478;;;Klebsiella pneumoniae CG43, complete genome;
;;;;;2.31326844262;;;;;;;;;;2.26774193548;;;;;;;;;1.96869244936;;;;2.83561643836;;;2.11908456168;;;;;;;;;;;;;;;;;;;1.46050420168;;;;;;;;;;;;;;;;;;1.70547774333;;;Klebsiella pneumoniae JM45, complete genome;
;;;;;1.77708978328;;;;;;;;;;;;;;;;;;;;;;;;;;1.64476789929;;;;;;;;;;;;;;;;;;;;;;;;;;;;;;;;;;;;;;;;Klebsiella pneumoniae KCTC 2242, complete genome;
;;;;;2.29848405646;;;;;;;;;;2.29122807018;;;;;;;;;2.5890736342;;;;2.65376782077;;;1.91404796867;;;;;;;;;;;;;;;;;;;1.69343065693;;;;;;;;;;;1.61685823755;;;;;;;1.82960070441;;;Klebsiella pneumoniae subsp. pneumoniae 1084, complete genome;
;;;;;1.81559405941;;;;;;;;;;;;;;;;;;;;;;;;;;1.90929326656;;;;;;;;;;;;;;;;;;;;;;;;;;;;;;;;;;;;;1.65973619495;;;Klebsiella pneumoniae subsp. pneumoniae HS11286 chromosome, complete genome;
;;;;;1.83732718894;;;;;;;;;;;;;;;;;;;;;;;;;;1.72242134608;;;;;;;;;;;;;;;;;;;;;;;;;;;;;;;;;;;;;1.73431174089;;;Klebsiella pneumoniae subsp. pneumoniae MGH 78578, complete sequence;
;;;;;2.17639077341;;;;;;;;;;;;;;;;;;;;;;;;;;1.66256494394;;;;;;;;;;;;;;;;;;;;;;;;;;;;;;;;;;;;;1.83924867481;;;Klebsiella pneumoniae subsp. pneumoniae NTUH-K2044 DNA, complete genome;
;;;;;;;;;;;;;;;;;;;;;;;;1.20937840785;;;;;;;;;;;;;;;;;;;;;;;;;;;;;;;;;;;;;;;;;;;;;;;Klebsiella variicola At-22, complete genome;
;;;;;;;;;;;;;;;;;;1.43458301454;;1.0835221183;;;;;;;;;;;;;;;;;;;;;;;;;;;;;;;;;;;;;;;;;;;;;;;;;;;Lactobacillus amylovorus GRL 1112, complete genome;
;;;;;;;;;;;;;;;;;;1.46413678065;;1.13332216812;;;;;;;;;;;;;;;;;;;;;;;;;;;;;;;;;;;;;;;;;;;;;;;;;;;Lactobacillus amylovorus GRL1118, complete genome;
;;1.15043345232;;;;;;;;;;;;;;;;;;;;;;;;;;;;;;;;;;;;;;;;;;;;;;;;;;;;;;;;;;;;;;;;;;;;;Lactobacillus crispatus ST1 complete genome, strain ST1;
;;1.1659839715;;;;;;;;;;;;;;;;1.18880073589;;;;;;;;;;;;;;;;;;;;;;;;;;;;;;;;;;;;;;;;;;;;;;;;;;;;;Lactobacillus gasseri ATCC 33323, complete genome;
;;;;;;;;;;;;;;;;;;;;1.26859364435;;;;;;;;;;;;;;;;;;;;;;;;;;;;;;;;;;;;;;;;;;;;;;;;;;;Lactobacillus johnsonii DPC 6026, complete genome;
;;;;;;;;;;;;;;;;;;;;1.12470482182;;;;;;;;;;;;;;;;;;;;;;;;;;;;;;;;;;;;;;;;;;;;;;;;;;;Lactobacillus johnsonii FI9785, complete genome;
;;;;;;;;;;;;;;;;;;;;1.21188419332;;;;;;;;;;;;;;;;;;;;;;;;;;;;;;;;;;;;;;;;;;;;;;;;;;;Lactobacillus johnsonii N6.2, complete genome;
;;;;;;;;;;;;;;;;;;;;1.26550840851;;;;;;;;;;;;;;;;;;;;;;;;;;;;;;;;;;;;;;;;;;;;;;;;;;;Lactobacillus johnsonii NCC 533, complete genome;
;1.21836729272;;;;1.15151515152;1.39073924153;1.28701141811;;1.22110168844;;;;;;;;;;1.27317864468;0.995555555556;1.11008886891;1.1959894963;;;1.07722355769;;1.20074001376;1.31375734875;1.33761258736;;1.30687626917;1.27051621443;1.27935961645;;;;;1.22108997695;;;1.18981481481;;;;;;;;;;1.13529538594;;;;;;1.12640901771;;;;;;;1.13287266589;;;;1.20624632917;;0.939716312057;Megamonas hypermegale ART12/1 draft genome;1.18108979978
;;1.22787236442;;;;;;;1.14399692524;;;;;;;1.089958159;1.15876114599;;;;1.13762971054;;;1.22471011595;;;;;;1.08663366337;;;;;;;;;;;;;;;;;;;;;;;;;;1.12547098719;;;;;;;;;;;;;;;Megasphaera elsdenii strain DSM 20460 draft genome;
;;;;;1.12470797642;;;;;1.19426751592;;;;;;;;;;;;;;;;;;;;;;;;;;;;;;;;;;;;;;;;0.988188976378;;;;;;;;;;;;;;;;;;;;;Methanobrevibacter smithii ATCC 35061, complete genome;
;;;;;;;;;;;;;;;;;;;;;;;;;;;;;;;;;;;;;;;;;;;;;;;1.12545454545;;;1.18181818182;;;;;;;;;;;;;;;;;;;;;Methanosphaera stadtmanae DSM 3091, complete genome;
;1.11864661654;1.13361762615;;;;;1.10207420833;1.28047945205;;1.20983379501;1.07536076964;;;1.3207150368;;;;1.1875;1.43129770992;;;;;1.10858353939;;;1.29125907226;1.09156933796;;1.12059510511;1.08260819121;1.3171196948;1.27371273713;1.2160437557;1.34361637141;1.13446719889;1.24510306635;1.27167766258;1.10758133824;;1.46302196881;;;1.23934339423;;1.14685314685;1.31851085832;;1.10369088812;1.20699794178;;;1.15592727273;;;1.06723884257;;1.26403669725;;;1.21533042346;;1.09805576064;;1.42752562225;1.34131736527;;;1.39703866191;;Odoribacter splanchnicus DSM 20712, complete genome;1.69523809524
1.18195820594;1.08309726157;1.14276369259;;;;;1.06885939694;1.14890661503;;1.12039677619;1.13566183393;0.925531914894;1.42945334168;1.21143720526;;;;;1.43595107821;1.3041034141;1.05469710272;1.11734076492;;1.10694548831;;1.14666398174;1.157555765;1.10789073903;;1.15702167766;;1.22280151333;1.3169266055;1.19803814714;1.19245819993;1.10462396962;1.37008923992;1.07464689717;1.21398601399;1.15380134407;1.29971590909;1.2083163109;;1.19320966048;1.6703328096;;1.13289588801;1.12968797245;1.10176756061;1.25105273712;1.15990221334;;1.12622866011;1.2108409725;1.58943021507;1.11906651993;1.08417673716;1.0714523171;1.18960851002;1.27035430056;1.31585081585;1.07017760541;1.25841730742;1.130217824;1.34110738255;1.15638810767;1.21684840951;1.71634710417;1.18514146909;1.07523362342;Parabacteroides distasonis ATCC 8503, complete genome;1.11665098777
1.10613052076;;1.05724710619;;;1.15041812594;;;;1.01724137931;;;1.09637406797;;;1.09730677949;;;;;;1.18930987821;1.14011289915;;1.15555555556;1.28326180258;1.12156764853;1.21078431373;1.11460326807;1.16426949281;1.11714395541;;1.17110381409;1.20622119816;;0.993258426966;1.13578792342;1.10201412503;;;;1.20922882427;1.21028037383;;1.19608066538;;;;;;1.17563324262;1.27637362637;1.14711033275;;1.07973478409;;;1.10057358372;1.17274611498;1.14203688667;;1.12406662837;1.36483931947;;1.1092135667;1.25232887809;;;1.35243553009;1.29749768304;;Roseburia hominis A2-183, complete genome;
;;;;;;;;;;;;;;;;;;;;;;;;;;;;;;;;;;1.33955223881;;;;;;;;;;;;;;;;;;;;;1.93338557994;;;;;;;;;;1.40580158976;1.24923464794;;;;;Roseburia intestinalis M50/1 draft genome;
;;;;;;;;;;;;;;;;;;;;;;;;;;;;;;;;1.20048683337;;1.78349638452;;;;;;;;;;;;;;;;;;;;;1.2330552659;;;;;;;;;;1.21659482759;1.05102475217;;;;;Roseburia intestinalis XB6B4 draft genome;
;;;;;;;;;;;;;;;;;;;;;;;;;;;;;;;;;;;;;;;;;;;;;;;;;;;;;;;;;;;;;;;;;;;;1.40086956522;1.38059701493;;Rothia mucilaginosa DY-18 DNA, complete genome;
;;;;;1.07464427338;0.930261519303;;1.16776913661;;1.07035175879;1.10669002336;1.08007718283;1.07081994692;1.17491647073;1.07876496534;;;;1.07527881041;;;;;;1.07791788589;1.16822272406;;1.21680567787;;1.09693094629;1.15386156753;1.10032730895;;1.28085357459;1.16584639459;1.15626073514;;;;1.16438356164;1.27912467084;1.16893039049;1.11779168529;;;;;1.20891406846;;1.1804204922;;1.17981638248;;;;;1.19662104363;;1.15384615385;;1.23834745763;1.32276521902;1.14456567352;1.11485353979;;1.15827882588;;1.20874561124;1.0717656935;1.13726701679;Ruminococcus bromii L2-63 draft genome;1.21666666667
1.03714285714;1.1279296875;1.26646942801;;;1.34013343598;1.25684931507;;;1.36842105263;;1.59341199607;1.47603244838;;1.49666666667;1.46304347826;;;1.24622969838;;;;;;1.37697368421;1.19733333333;;1.25139664804;1.3140311804;;1.32666666667;1.259;1.33928571429;1.12443946188;1.31578947368;1.28823529412;1.21312872975;1.18965517241;1.192;1.28790786948;;1.48967297762;1.20375335121;;1.28050052138;1.61268781302;1.23844164242;;;;1.41639033633;1.42698295033;1.23947614593;1.3394469526;1.29513343799;;;1.34969818913;;1.31299435028;;1.26546391753;;1.2204887218;1.28683088584;1.33262146289;1.17786790267;1.35779816514;1.25721153846;;1.27325959662;Ruminococcus obeum A2-162 draft genome;1.08239700375
1.13608748481;1.24045647344;1.22525773196;;;1.24230769231;1.28073535044;;;1.10498812352;1.16119096509;1.24563843236;1.28820497271;;1.25634896923;1.02005730659;;1.26801152738;1.13630406291;1.2883254717;;1.16794320942;1.16725798277;;1.16594996091;1.51369112815;1.1864548495;1.06267029973;1.32374100719;;1.25830258303;;1.39154754506;;1.51428571429;1.45917001339;1.13063063063;1.14202898551;;1.10780141844;;1.35843137255;;1.18429591175;1.0152394775;1.2208774584;1.17934782609;;;;1.18385650224;1.12184343434;;;;1.19532320611;;1.13838383838;1.22855428914;1.10968229955;;1.36632598171;1.21939680662;1.1163310962;1.06933652122;1.22915737851;1.2472;;1.21280602637;;;Ruminococcus sp. SR1/5 draft genome;1.17396417586
1.13;1.07652533609;1.16971105945;;;1.10882498761;;;;1.08224697796;1.20249221184;;;;;;;1.16555438473;;1.20618718593;;1.09392621234;;;1.02391904324;;1.14885920979;;1.08829832833;1.1270718232;1.19766920663;1.16481069042;;;1.16534562212;1.15432482887;;1.07623106061;1.15948777648;1.25367532061;;1.18710191083;;;1.00099403579;1.13379615021;1.13180515759;;;;1.19958333333;1.13449691992;1.21402877698;1.0766192733;;;0.98319016892;;;1.12886888014;;1.19590824551;;1.11182612919;;1.14002362437;;;;;;Ruminococcus torques L2-14 draft genome;0.977142857143
;;;;;1.12018741088;;1.24902884049;;;;;;;;;;;;;;;;;1.24158125915;;;;;;;;;;;;;;;;;;;;;;;;;;;;;;;;;;;;;;;;;;;;;;;Streptococcus anginosus C1051, complete genome;
;;;;;1.32979749277;;1.18877099912;;;;;;;;;;;;;;;;;;;;;;;;;;;;;;;;;;;;;;;;;;;;;;;;;;;;;;;;;;;;;;;;Streptococcus anginosus C238, complete genome;
;;;;;;;;;;;;;;;;;;;;;;;;;;;;;;;;;;;;;;;;1.50176056338;;;;;;;;;;;;;;;;;;;;;;;;;;;;;;;Streptococcus gallolyticus UCN34 complete genome;
;;;;;;;;;;;;;;;;;;;;;;;;;;;;;;;;;;;;;;;;1.04902302861;;;;;;;;;;;;;;;;;;;;;;;;;;;;;;;Streptococcus gallolyticus subsp. gallolyticus ATCC 43143 DNA, complete genome;
;;;;;;;;;;;;;;;;;;;;;;;;;;;;;;;;;;;;;;;;1.13777940638;;;;;;;;;;;;;;;;;;;;;;;;;;;;;;;Streptococcus gallolyticus subsp. gallolyticus ATCC BAA-2069 complete chromosome sequence, strain ATCC BAA-2069;
;;;;;;;1.2994011976;;;;;;;;1.19146722164;;;;;;;;;;;;;;;;;;;;;;;;;;;;;;;;;;;;;;;;;;;;;;;;;;;;;;1.10336239103;;Streptococcus gordonii str. Challis substr. CH1, complete genome;
;;;;;;;;;;;;;;;;;;;;;;;;1.00298062593;;;;;;;;;;;;;;;;;;;;;;;;;;;;;;;;;;1.13958967311;;;;;;;;;;;1.11128785637;1.19434628975;Streptococcus infantarius subsp. infantarius CJ18, complete genome;
;;;;;0.942857142857;;;;;;;;;;;;;;;;;;;;;;;;;;;;;;;;;;;;;;;;;;;;;;;;;;;;;;;;;;;;;;;1.31025641026;1.21907600596;;Streptococcus mitis B6, complete genome;
;;;;;1.05121572685;;1.16470588235;;;;;;;;;;;;;;;;;;;;;;;;;;;;;;;;;;;;;;;;;;;;;;;;;;;;;;;;;;1.14910536779;;;1.13050847458;;;Streptococcus oralis Uo5 complete genome sequence;
;;;;;;;1.14836223507;;;;;;;;;;;;;;;;;;;;;;;;;;;;;;;;;;;;;;;;;;;;;;;;;;;;;;;;;;;;;;1.18665067946;;Streptococcus parasanguinis ATCC 15912, complete genome;
;;;;;;;1.10861423221;;;;;;;;;;;;;;;;;;;;;;;;;;;;;;;;;;;;;;;;;;;;;;;;;;;;;;;;;;;;;;1.11932324132;;Streptococcus parasanguinis FW213, complete genome;
;;;;1.05078382744;;;;;;;;;;;;;;1.0467590962;;;;;;;;;;;;;;;1.14687100894;;;;;1.10960960961;;;;1.13005050505;;;;;;;;;;;;;;;;1.32833583208;;;;;;;1.17829099307;;1.21318770227;;1.1497455779;;Streptococcus pasteurianus ATCC 43144 DNA, complete genome;
;1.26518361582;;;;;1.58783783784;1.34523198083;;;1.42929292929;;1.45137491616;1.37039660057;;1.25885755604;;1.36678832117;;;1.25691069864;;;;1.33333333333;;;;;;1.30830039526;;1.3896353167;1.45608108108;1.29411764706;;;;;;1.01516108654;;;;;;;;1.10265486726;0.965790421318;;1.07523510972;0.970120226308;;;;;;;1.13333333333;1.10692771084;;;;;1.20056541542;1.03294573643;;1.10675915302;1.24466571835;0.99656019656;Streptococcus salivarius CCHSS3 complete genome;1.11141304348
;1.51754601227;1.5710982659;;;;1.67285861713;1.62135599973;;;1.50022967386;;2.17616580311;1.73841142571;;1.41598360656;;1.69952734639;1.67142857143;;1.75513922897;;;;1.58636573008;;;;;;1.57912457912;;1.64850976362;1.45348837209;1.56966292135;;1.16666666667;;;;1.05636208369;;;1.0376984127;;;;;1.06890130354;1.14650205761;;1.03112244898;1.0502552022;;;;1.32062780269;1.02357563851;;0.928716904277;1.10024752475;;;;;1.04638283143;1.0739480198;;1.14535153876;1.13360227812;0.98241358399;Streptococcus salivarius JIM8777 complete genome;1.22767075306
;1.06033848418;;;;;;;;;;;;;;;;;;;;;;;;;;;;;;;;;;;;;;;;;;;;;;;;1.35253456221;;;;;;;;;;;;;;;;;;;1.40106951872;1.20612244898;;Streptococcus sanguinis SK36 chromosome, complete genome;1.05546995378
;1.12883435583;;;;1.14265734266;;;;;;;;;;;;;;;;;;;;;;;;;;;;;;;;;;;;;;;;;;;;;;;;;;;;;;;;;;;;;;;;;;Streptococcus sp. I-G2, complete genome;
;1.40669954788;;;;1.36262719704;;;;;;;1.35165662651;;;;;;;;;;;;;;;;;;;;;;;;;;;;;;;;;;;;;;;;;;;;;;;;;;;;;;;;0.947459086994;0.964577656676;;Streptococcus sp. I-P16, complete genome;1.07656695157
1.02446724546;0.993119266055;;1.11293413174;0.973295805588;;;;1.065199674;;;;;0.995232096303;;;;;;;0.9497234375;;;;0.986611740474;;;;1.10426008969;;;;;;1.00975753992;;;;;;1.07668711656;;;1.10523917995;;1.08888888889;;;;1.1070492384;;;1.03551691106;1.02272727273;;;;1.11224489796;;;0.966796875;1.2013618677;;;;1.11597977631;;1.14015748031;1.17614153766;;;Veillonella parvula DSM 2008, complete genome;
